Id,class_0,class_1
00eed32682bb,0.05757102507142838,0.9424289749285716
010ebe33f668,0.05757102507142838,0.9424289749285716
02fa521e1838,0.05757102507142838,0.9424289749285716
040e15f562a2,0.05757102507142838,0.9424289749285716
046e85c7cc7f,0.05757102507142838,0.9424289749285716
