Id,class_0,class_1
00eed32682bb,0.41658660105203854,0.5834133989479615
010ebe33f668,0.41658660105203854,0.5834133989479615
02fa521e1838,0.41658660105203854,0.5834133989479615
040e15f562a2,0.41658660105203854,0.5834133989479615
046e85c7cc7f,0.41658660105203854,0.5834133989479615
