Id,class_0,class_1
00eed32682bb,0.6554827,0.3445173
010ebe33f668,0.6554827,0.3445173
02fa521e1838,0.6554827,0.3445173
040e15f562a2,0.6554827,0.3445173
046e85c7cc7f,0.6554827,0.3445173
