Id,class_0,class_1
00eed32682bb,0.8838293873698924,0.11617061263010764
010ebe33f668,0.8838293873698924,0.11617061263010764
02fa521e1838,0.8838293873698924,0.11617061263010764
040e15f562a2,0.8838293873698924,0.11617061263010764
046e85c7cc7f,0.8838293873698924,0.11617061263010764
