Id,class_0,class_1
00eed32682bb,0.12951764827106393,0.8704823517289361
010ebe33f668,0.12951764827106393,0.8704823517289361
02fa521e1838,0.12951764827106393,0.8704823517289361
040e15f562a2,0.12951764827106393,0.8704823517289361
046e85c7cc7f,0.12951764827106393,0.8704823517289361
