Id,class_0,class_1
00eed32682bb,0.901326005461503,0.09867399453849701
010ebe33f668,0.901326005461503,0.09867399453849701
02fa521e1838,0.901326005461503,0.09867399453849701
040e15f562a2,0.901326005461503,0.09867399453849701
046e85c7cc7f,0.901326005461503,0.09867399453849701
