Id,class_0,class_1
00eed32682bb,0.8887277807840581,0.11127221921594188
010ebe33f668,0.8887277807840581,0.11127221921594188
02fa521e1838,0.8887277807840581,0.11127221921594188
040e15f562a2,0.8887277807840581,0.11127221921594188
046e85c7cc7f,0.8887277807840581,0.11127221921594188
