Id,class_0,class_1
00eed32682bb,0.3653227608491216,0.6346772391508784
010ebe33f668,0.3653227608491216,0.6346772391508784
02fa521e1838,0.3653227608491216,0.6346772391508784
040e15f562a2,0.3653227608491216,0.6346772391508784
046e85c7cc7f,0.36532276084912146,0.6346772391508786
